867,7590,43478,43478,72,cleanmd/001.md
899,7482,43668,43668,72,cleanmd/002.md
893,7153,40967,40967,72,cleanmd/003.md
665,5912,33734,33734,72,cleanmd/004.md
765,6457,37540,37540,72,cleanmd/005.md
766,6402,37133,37133,72,cleanmd/006.md
864,7126,40893,40893,72,cleanmd/007.md
682,5637,32859,32859,72,cleanmd/008.md
940,8212,47319,47319,72,cleanmd/009.md
570,5146,29592,29592,72,cleanmd/010.md
739,6455,37531,37531,72,cleanmd/011.md
795,6913,40019,40019,72,cleanmd/012.md
784,6122,35912,35912,72,cleanmd/013.md
591,5051,28834,28834,72,cleanmd/014.md
651,5568,32013,32013,72,cleanmd/015.md
872,7024,40141,40141,72,cleanmd/016.md
823,7324,42040,42040,72,cleanmd/017.md
590,5182,29847,29847,72,cleanmd/018.md
781,6958,39923,39923,72,cleanmd/019.md
686,5843,34172,34172,72,cleanmd/020.md
949,8543,50107,50107,72,cleanmd/021.md
902,8341,48572,48572,72,cleanmd/022.md
782,7049,41486,41486,72,cleanmd/023.md
1005,8182,47251,47251,72,cleanmd/024.md
958,7899,46030,46030,72,cleanmd/025.md
1596,14413,83358,83358,72,cleanmd/026.md
575,5758,32447,32447,72,cleanmd/027.md
679,6198,35379,35379,72,cleanmd/028.md
653,6232,35793,35793,72,cleanmd/029.md
663,6399,36601,36601,72,cleanmd/030.md
929,8598,49071,49071,72,cleanmd/031.md
666,5918,34211,34211,72,cleanmd/032.md
817,7261,42022,42022,72,cleanmd/033.md
765,7258,41945,41945,72,cleanmd/034.md
774,7044,40120,40120,72,cleanmd/035.md
832,7461,43859,43859,72,cleanmd/036.md
850,7998,46654,46654,72,cleanmd/037.md
775,7027,40200,40200,72,cleanmd/038.md
914,8576,48676,48676,72,cleanmd/039.md
1019,8818,50987,50987,72,cleanmd/040.md
829,7050,40788,40788,72,cleanmd/041.md
823,7304,42825,42825,72,cleanmd/042.md
937,9001,51535,51535,72,cleanmd/043.md
866,7392,41643,41643,72,cleanmd/044.md
840,7433,42620,42620,72,cleanmd/045.md
806,7244,41365,41365,72,cleanmd/046.md
796,7662,44903,44903,72,cleanmd/047.md
695,6460,37724,37724,72,cleanmd/048.md
918,8307,47870,47870,72,cleanmd/049.md
870,7546,43639,43639,72,cleanmd/050.md
763,6398,37622,37622,72,cleanmd/051.md
1008,9209,54466,54466,72,cleanmd/052.md
992,8709,49666,49666,72,cleanmd/053.md
1071,8783,50235,50235,72,cleanmd/054.md
877,7058,40516,40516,72,cleanmd/055.md
864,6720,38723,38723,72,cleanmd/056.md
747,6074,34868,34868,72,cleanmd/057.md
775,6660,38082,38082,72,cleanmd/058.md
952,8016,45519,45519,72,cleanmd/059.md
867,7965,47477,47477,72,cleanmd/060.md
785,7115,41401,41401,72,cleanmd/061.md
943,7915,46512,46512,72,cleanmd/062.md
1235,11320,65130,65130,72,cleanmd/063.md
911,7899,45201,45201,72,cleanmd/064.md
1145,9668,56282,56282,72,cleanmd/065.md
901,7543,43109,43109,72,cleanmd/066.md
935,7861,45622,45622,72,cleanmd/067.md
953,8387,48797,48797,72,cleanmd/068.md
888,7933,45972,45972,72,cleanmd/069.md
681,5933,35211,35211,72,cleanmd/070.md
903,7519,42642,42642,72,cleanmd/071.md
882,7301,42388,42388,72,cleanmd/072.md
867,7664,44729,44729,72,cleanmd/073.md
1012,9009,52684,52684,72,cleanmd/074.md
1105,9595,55261,55261,72,cleanmd/075.md
